Activiteittype;Datum;Favoriet;Titel;Afstand;Calorieën;Tijd;Gem. HS;Max. HS;Training effect aeroob;Gem. loopcadans;Max. loopcadans;Gemiddeld tempo;Beste tempo;Totale stijging;Totale daling;Gem. staplengte;Gemiddelde verticale ratio;Gem. verticale oscillatie;Gem. grondcontacttijd;Gem. GAP;Normalized Power® (NP®);Training Stress Score®;Gem. vermogen;Max. vermogen;Decompressie;Beste rondetijd;Aantal ronden;Tijd bewogen;Verstreken tijd;Minimum hoogte;Maximum hoogte
Hardlopen;20-12-2024 15:38;FALSE;Waalre Hardlopen;11.54;894;01:02:02;172;183;5.0;161;170;05:22;04:54;13;25;1.15;8.4;9.7;274;05:24;372;0.0;370;460;Nee;00:02:51.3;12;01:01:59;01:02:02;13;31
Hardlopen;12-12-2024 13:54;FALSE;Waalre Hardlopen;11.46;903;01:02:42;178;186;5.0;158;165;05:28;04:55;15;23;1.14;8.5;9.7;279;05:29;359;0.0;357;458;Nee;00:02:32.1;12;01:02:40;01:02:42;16;30
Hardlopen;3-12-2024 15:56;FALSE;Loon op Zand Hardlopen;10.08;787;00:57:14;173;183;5.0;160;167;05:41;04:59;31;34;1.10;8.7;9.5;282;05:40;351;0.0;346;570;Nee;00:00:26.3;11;00:57:12;00:57:14;-1;14
Hardlopen;26-11-2024 15:56;FALSE;Loon op Zand Hardlopen;10.31;833;01:00:05;176;188;5.0;159;165;05:50;04:59;35;36;1.08;8.8;9.5;286;05:49;343;0.0;338;521;Nee;00:01:51.0;11;01:00:02;01:00:05;11;25
Hardlopen;19-11-2024 16:06;FALSE;Loon op Zand Hardlopen;9.88;838;00:58:53;182;191;5.0;158;165;05:58;04:54;33;38;1.06;8.9;9.4;289;05:58;339;0.0;333;513;Nee;00:05:13.6;10;00:58:51;00:58:53;0;18
Hardlopen;5-11-2024 16:07;FALSE;Loon op Zand Hardlopen;9.77;819;00:56:32;181;191;5.0;159;165;05:47;05:01;42;42;1.09;8.8;9.5;285;05:47;346;0.0;340;536;Nee;00:04:34.1;10;00:56:29;00:56:32;1;15
Hardlopen;29-10-2024 16:00;FALSE;Loon op Zand Hardlopen;9.91;820;00:58:03;175;185;5.0;159;170;05:51;05:00;35;36;1.08;8.8;9.5;286;05:50;343;0.0;337;517;Nee;00:05:17.0;10;00:58:00;00:58:03;11;25
Hardlopen;23-10-2024 12:35;FALSE;Montaione Hardlopen;2.72;256;00:20:03;154;182;3.4;146;183;07:23;05:18;120;154;0.94;9.1;8.4;294;06:18;325;0.0;289;506;Nee;00:04:59.2;3;00:19:48;00:20:03;112;265
Hardlopen;8-10-2024 16:29;FALSE;Loon op Zand Hardlopen;9.82;819;00:57:25;176;186;5.0;159;167;05:51;04:59;34;45;1.08;8.8;9.5;286;05:51;349;0.0;342;532;Nee;00:04:51.9;10;00:57:22;00:57:25;-3;15
Hardlopen;1-10-2024 16:09;FALSE;Loon op Zand Hardlopen;9.88;792;00:55:42;171;182;5.0;160;167;05:38;05:06;33;33;1.11;8.6;9.6;282;05:38;353;0.0;349;547;Nee;00:04:54.9;10;00:55:39;00:55:42;8;21
Hardlopen;17-9-2024 15:53;FALSE;Loon op Zand Hardlopen;9.79;772;00:55:16;169;182;5.0;160;165;05:39;05:04;40;48;1.11;8.6;9.5;281;05:39;361;0.0;356;546;Nee;00:04:29.3;10;00:55:14;00:55:16;--;16
Hardlopen;15-9-2024 12:25;FALSE;Oosterhout Hardlopen;7.46;533;00:39:23;159;179;5.0;163;169;05:17;04:52;25;17;1.16;8.3;9.6;270;05:17;375;0.0;373;464;Nee;00:02:25.4;8;00:39:20;00:39:23;0;10
Hardlopen;10-9-2024 15:36;FALSE;Loon op Zand Hardlopen;9.82;791;00:56:46;171;181;5.0;159;169;05:47;05:02;36;37;1.09;8.8;9.5;284;05:46;347;0.0;341;547;Nee;00:04:44.0;10;00:56:42;00:56:46;11;25
Hardlopen;8-9-2024 13:36;FALSE;Veldhoven Hardlopen;7.79;597;00:41:29;171;182;5.0;161;168;05:19;04:41;8;9;1.17;8.4;9.7;274;05:21;362;0.0;363;437;Nee;00:04:03.4;8;00:41:26;00:41:45;20;27
Hardlopen;3-9-2024 16:39;FALSE;Loon op Zand Hardlopen;9.70;807;00:59:03;169;179;5.0;157;165;06:05;05:19;36;32;1.04;9.0;9.4;291;06:04;330;0.0;325;495;Nee;00:04:21.9;10;00:59:01;00:59:03;2;15
Hardlopen;18-8-2024 09:47;FALSE;Veldhoven Hardlopen;8.15;635;00:44:22;169;181;5.0;161;175;05:27;04:02;3;7;1.14;8.4;9.6;276;05:28;356;0.0;355;479;Nee;00:00:35.9;9;00:44:16;00:44:22;15;21
Hardlopen;16-8-2024 15:22;FALSE;Gennep Hardlopen;4.38;355;00:25:02;171;181;4.3;158;166;05:43;05:17;11;9;1.10;8.7;9.6;283;05:43;344;0.0;343;413;Nee;00:02:04.3;5;00:25:00;00:25:02;15;23
Hardlopen;16-8-2024 12:06;FALSE;Gennep Hardlopen;5.88;469;00:33:11;165;181;4.9;156;167;05:39;05:04;9;9;1.14;8.4;9.6;281;05:36;355;0.0;346;417;Nee;00:04:36.8;6;00:33:07;00:36:22;17;22
Hardlopen;27-7-2024 12:20;FALSE;Oberbronn Hardlopen;3.13;237;00:17:31;155;174;3.5;157;175;05:35;04:50;50;48;1.14;8.6;9.8;283;05:28;377;0.0;368;477;Nee;00:00:45.4;4;00:17:30;00:17:31;202;246
Hardlopen;22-7-2024 17:16;FALSE;Waalre Hardlopen;7.48;591;00:40:48;170;185;5.0;159;163;05:27;04:55;7;5;1.16;8.5;9.8;281;05:26;360;0.0;359;428;Nee;00:02:25.2;8;00:40:47;00:40:48;19;25
Hardlopen;11-6-2024 16:12;FALSE;Waalre Hardlopen;3.93;307;00:20:29;173;180;5.0;161;165;05:13;04:43;6;7;1.20;8.3;9.9;274;05:13;376;0.0;376;478;Nee;00:04:46.9;4;00:20:27;00:43:14;17;21
Hardlopen;6-6-2024 16:11;FALSE;Waalre Hardlopen;11.46;904;00:59:56;175;186;5.0;160;171;05:14;04:18;15;26;1.20;8.3;9.9;276;05:15;378;0.0;377;494;Nee;00:02:19.1;12;00:59:54;00:59:56;16;29
Hardlopen;1-6-2024 16:23;FALSE;Heeze-Leende Hardlopen;11.50;946;01:04:16;173;187;5.0;154;170;05:35;04:46;18;19;1.17;8.4;9.8;276;06:02;362;0.0;348;441;Nee;00:05:13.1;12;01:01:50;01:05:07;25;37
Hardlopen;23-5-2024 17:27;FALSE;Veldhoven Hardlopen;7.74;619;00:40:56;171;181;5.0;158;241;05:18;03:33;6;7;1.20;8.3;9.9;276;05:17;370;0.0;368;521;Nee;00:03:54.0;8;00:40:51;00:44:53;20;24
Hardlopen;14-4-2024 18:11;FALSE;Veldhoven Hardlopen;8.06;594;00:40:52;163;175;4.8;163;174;05:04;04:15;7;10;1.21;8.1;9.8;267;05:06;377;0.0;377;470;Nee;00:00:15.4;9;00:40:50;00:40:52;18;24
Hardlopen;10-4-2024 17:57;FALSE;Valkenswaard Hardlopen;3.76;289;00:19:07;171;180;3.8;163;166;05:05;04:35;3;4;1.21;8.1;9.8;267;05:05;401;0.0;401;536;Nee;00:03:43.4;4;00:19:06;00:19:07;18;21
Hardlopen;2-4-2024 17:04;FALSE;Waalre Hardlopen;13.51;1,047;01:10:42;170;182;5.0;161;177;05:14;04:43;21;34;1.19;8.3;9.9;274;05:15;384;0.0;383;502;Nee;00:02:32.6;14;01:10:39;01:10:42;14;29
Hardlopen;28-3-2024 16:25;FALSE;Heeze-Leende Hardlopen;13.33;1,037;01:10:43;170;178;5.0;162;174;05:18;04:29;25;26;1.17;8.3;9.7;272;05:18;372;0.0;370;480;Nee;00:01:44.5;14;01:10:40;01:10:43;26;35
Hardlopen;21-3-2024 16:59;FALSE;Waalre Hardlopen;13.50;1,041;01:10:08;172;181;5.0;162;178;05:12;04:21;30;23;1.19;8.2;9.8;271;05:13;380;0.0;379;518;Nee;00:02:35.5;14;01:10:06;01:10:08;18;33
Hardlopen;14-3-2024 17:11;FALSE;Waalre Hardlopen;5.37;391;00:25:46;173;180;4.2;164;174;04:48;04:14;2;6;1.26;7.9;9.9;260;04:50;412;0.0;409;469;Nee;00:01:44.4;6;00:25:44;00:25:46;23;29
Hardlopen;12-3-2024 16:23;FALSE;Waalre Hardlopen;13.54;1,048;01:09:55;173;182;5.0;162;172;05:10;04:49;19;20;1.20;8.2;9.8;271;05:10;379;0.0;378;465;Nee;00:02:44.5;14;01:09:51;01:09:55;25;34
Hardlopen;7-3-2024 16:01;FALSE;Waalre Hardlopen;5.36;384;00:25:32;172;183;4.2;166;172;04:46;04:29;6;12;1.26;7.8;9.9;258;04:48;414;0.0;412;469;Nee;00:01:38.7;6;00:25:31;00:25:32;20;28
Hardlopen;5-3-2024 16:49;FALSE;Waalre Hardlopen;12.39;948;01:03:53;173;184;5.0;162;173;05:09;04:25;18;20;1.19;8.2;9.8;270;05:10;379;0.0;378;465;Nee;00:01:50.8;13;01:03:50;01:03:53;16;26
Hardlopen;27-2-2024 16:54;FALSE;Waalre Hardlopen;12.45;970;01:04:53;175;186;5.0;160;172;05:13;04:40;22;18;1.20;8.3;9.9;274;05:13;378;0.0;376;465;Nee;00:02:12.5;13;01:04:49;01:04:53;13;25
Hardlopen;22-2-2024 16:38;FALSE;Waalre Hardlopen;5.36;382;00:26:18;168;179;4.2;163;174;04:55;04:12;12;16;1.24;8.0;9.9;264;04:56;411;0.0;408;493;Nee;00:01:40.1;6;00:26:17;00:26:18;12;19
Hardlopen;20-2-2024 16:34;FALSE;Waalre Hardlopen;12.45;935;01:05:01;170;181;5.0;161;174;05:13;04:16;25;20;1.19;8.3;9.9;274;05:14;384;0.0;382;498;Nee;00:02:15.6;13;01:04:57;01:05:01;13;27
Hardlopen;14-2-2024 15:32;FALSE;Waalre Hardlopen;12.50;968;01:05:45;175;185;5.0;161;174;05:16;04:51;15;18;1.18;8.3;9.8;272;05:16;380;0.0;378;496;Nee;00:02:36.5;13;01:05:40;01:05:45;25;34
Hardlopen;9-2-2024 08:46;FALSE;Valkenswaard Hardlopen;7.16;552;00:37:59;173;184;5.0;162;167;05:18;04:56;8;11;1.16;8.3;9.7;272;05:19;360;0.0;359;420;Nee;00:00:46.0;8;00:37:57;00:37:59;24;31
Hardlopen;6-2-2024 17:12;FALSE;Waalre Hardlopen;6.55;499;00:33:47;175;184;5.0;161;171;05:10;04:13;13;13;1.21;8.3;10.0;273;05:11;408;0.0;406;477;Nee;00:02:44.1;7;00:33:45;00:33:51;15;20
Hardlopen;4-2-2024 15:17;FALSE;Hattem Hardlopen;6.49;481;00:34:01;169;182;5.0;161;169;05:14;04:50;41;42;1.19;8.3;9.8;273;05:14;382;0.0;379;482;Nee;00:02:28.1;7;00:33:59;00:34:01;2;33
Hardlopen;25-1-2024 16:53;FALSE;Waalre Hardlopen;5.35;365;00:26:20;170;182;5.0;164;171;04:55;04:29;4;6;1.24;8.0;9.9;263;04:56;390;0.0;390;437;Nee;00:01:36.2;6;00:26:18;00:26:20;16;20
Hardlopen;23-1-2024 16:39;FALSE;Waalre Hardlopen;12.53;967;01:06:36;175;186;5.0;160;171;05:19;04:16;24;29;1.17;8.4;9.8;276;05:20;380;0.0;378;496;Nee;00:02:41.0;13;01:06:33;01:06:36;19;31
Hardlopen;23-12-2023 15:18;FALSE;Waalre Hardlopen;11.57;913;01:01:48;178;192;--;160;175;05:20;03:52;13;78;1.17;--;--;--;--;--;0.0;--;--;Nee;00:02:50.5;12;01:01:45;01:01:48;-46;31
Hardlopen;14-12-2023 16:46;FALSE;Waalre Hardlopen;11.10;870;00:58:51;178;191;--;160;170;05:18;04:42;17;81;1.18;--;--;--;--;--;0.0;--;--;Nee;00:00:29.3;12;00:58:49;00:58:51;-55;22
Hardlopen;5-12-2023 14:57;FALSE;Waalre Hardlopen;11.13;880;00:59:50;177;187;--;160;172;05:23;04:29;10;63;1.16;--;--;--;--;--;0.0;--;--;Nee;00:00:41.0;12;00:59:48;00:59:50;-21;38
Hardlopen;3-12-2023 12:13;FALSE;Waalre Hardlopen;5.26;375;00:26:10;172;187;--;165;174;04:58;04:18;6;31;1.22;--;--;--;--;--;0.0;--;--;Nee;00:01:11.1;6;00:26:08;00:26:10;-2;23
Hardlopen;28-11-2023 15:49;FALSE;Waalre Hardlopen;11.20;830;00:59:26;172;187;--;160;178;05:18;04:29;15;67;1.18;--;--;--;--;--;0.0;--;--;Nee;00:00:57.4;12;00:59:23;00:59:26;-26;44
Hardlopen;21-11-2023 16:26;FALSE;Waalre Hardlopen;11.22;836;01:00:48;170;184;--;160;186;05:25;04:00;49;99;1.15;--;--;--;--;--;0.0;--;--;Nee;00:00:55.3;12;01:00:45;01:00:48;-20;35
Hardlopen;17-11-2023 16:31;FALSE;Waalre Hardlopen;5.28;363;00:26:40;166;178;--;164;170;05:03;04:32;4;43;1.21;--;--;--;--;--;0.0;--;--;Nee;00:01:18.9;6;00:26:39;00:26:40;-45;17
Hardlopen;15-11-2023 15:21;FALSE;Waalre Hardlopen;11.20;896;01:01:01;174;190;--;160;170;05:27;04:40;17;64;1.15;--;--;--;--;--;0.0;--;--;Nee;00:01:01.8;12;01:00:58;01:01:01;-22;35
Hardlopen;9-11-2023 16:20;FALSE;Waalre Hardlopen;5.30;377;00:26:38;170;182;--;163;172;05:01;04:42;4;40;1.22;--;--;--;--;--;0.0;--;--;Nee;00:01:26.5;6;00:26:33;00:26:42;-23;18
Hardlopen;7-11-2023 16:59;FALSE;Waalre Hardlopen;11.22;909;01:00:42;177;189;--;160;183;05:25;03:53;13;60;1.15;--;--;--;--;--;0.0;--;--;Nee;00:00:59.9;12;01:00:39;01:00:42;-51;13
Hardlopen;4-11-2023 15:40;FALSE;Waalre Hardlopen;5.02;368;00:26:09;171;179;--;164;168;05:13;04:41;2;56;1.17;--;--;--;--;--;0.0;--;--;Nee;00:00:04.3;6;00:26:07;00:26:09;-53;4
Hardlopen;31-10-2023 16:32;FALSE;Waalre Hardlopen;11.29;825;01:00:14;168;183;--;160;181;05:20;04:23;15;61;1.17;--;--;--;--;--;0.0;--;--;Nee;00:01:19.6;12;01:00:11;01:00:14;-33;25
Hardlopen;28-10-2023 16:52;FALSE;Waalre Hardlopen;8.83;666;00:50:10;167;182;--;160;172;05:41;04:27;13;57;1.10;--;--;--;--;--;0.0;--;--;Nee;00:04:32.3;9;00:50:08;00:50:10;-26;32
Hardlopen;26-10-2023 17:43;FALSE;Waalre Hardlopen;1.40;126;00:08:19.4;182;190;--;160;173;05:56;05:39;--;9;1.05;--;--;--;--;--;0.0;--;--;Nee;00:02:06.8;2;00:08:19.4;00:08:19.4;11;21
Hardlopen;26-10-2023 16:49;FALSE;Heeze-Leende Hardlopen;9.39;752;00:52:18;174;189;--;159;165;05:34;04:52;18;54;1.13;--;--;--;--;--;0.0;--;--;Nee;00:01:57.1;10;00:52:13;00:52:18;13;182
Hardlopen;12-10-2023 15:21;FALSE;Waalre Hardlopen;8.97;672;00:50:43;166;179;--;161;178;05:39;04:49;13;63;1.10;--;--;--;--;--;0.0;--;--;Nee;00:05:15.0;9;00:50:41;00:50:43;-32;20
Hardlopen;10-10-2023 16:54;FALSE;Waalre Hardlopen;10.62;852;00:59:16;173;184;--;159;181;05:35;04:08;9;51;1.12;--;--;--;--;--;0.0;--;--;Nee;00:03:16.1;11;00:59:12;00:59:16;-48;-1
Hardlopen;5-10-2023 15:37;FALSE;Waalre Hardlopen;9.10;701;00:50:40;168;183;--;160;188;05:34;04:09;24;62;1.12;--;--;--;--;--;0.0;--;--;Nee;00:00:24.4;10;00:50:36;00:50:40;-48;13
Hardlopen;3-10-2023 16:45;FALSE;Waalre Hardlopen;11.09;796;01:01:15;160;181;--;160;186;05:31;04:06;15;64;1.13;--;--;--;--;--;0.0;--;--;Nee;00:00:20.1;12;01:01:12;01:01:15;-78;122
Hardlopen;1-10-2023 10:24;FALSE;Waalre Hardlopen;8.87;676;00:51:32;163;175;--;162;178;05:49;04:22;17;59;1.06;--;--;--;--;--;0.0;--;--;Nee;00:04:36.2;9;00:51:30;00:51:32;-15;31
Hardlopen;28-9-2023 16:54;FALSE;Waalre Hardlopen;9.05;673;00:50:17;165;175;--;160;175;05:33;04:36;61;100;1.12;--;--;--;--;--;0.0;--;--;Nee;00:00:11.2;10;00:50:13;00:50:17;-16;28
Hardlopen;26-9-2023 15:54;FALSE;Heeze-Leende Hardlopen;8.61;680;00:51:14;163;175;--;159;178;05:57;04:52;17;61;1.06;--;--;--;--;--;0.0;--;--;Nee;00:03:31.7;9;00:51:11;00:51:14;-44;10
Hardlopen;22-9-2023 16:29;FALSE;Heeze-Leende Hardlopen;8.95;678;00:50:37;166;178;--;161;190;05:39;04:12;18;71;1.10;--;--;--;--;--;0.0;--;--;Nee;00:05:14.2;9;00:50:34;00:50:37;-38;34
Hardlopen;20-9-2023 16:50;FALSE;Eindhoven Hardlopen;6.42;470;00:34:46;168;175;--;159;167;05:25;03:58;2;6;1.16;--;--;--;--;--;0.0;--;--;Nee;00:02:11.9;7;00:34:40;00:34:59;10;15
Hardlopen;20-9-2023 16:48;FALSE;Eindhoven Hardlopen;0.20;12;00:01:00.1;162;166;--;159;163;05:03;05:02;--;--;1.24;--;--;--;--;--;0.0;--;--;Nee;00:01:00.1;1;00:01:00;00:01:00.1;13;13
Hardlopen;20-9-2023 16:29;FALSE;Eindhoven Hardlopen;2.80;209;00:16:50;154;167;--;159;163;06:02;05:14;--;39;1.04;--;--;--;--;--;0.0;--;--;Nee;00:04:08.9;3;00:16:49;00:16:50;-50;-8
Hardlopen;17-9-2023 16:23;FALSE;Waalre Hardlopen;9.06;655;00:52:59;159;173;--;160;175;05:51;05:02;37;77;1.07;--;--;--;--;--;0.0;--;--;Nee;00:00:18.6;10;00:52:55;00:52:59;-14;28
Hardlopen;14-9-2023 15:44;FALSE;Waalre Hardlopen;8.92;672;00:51:22;168;182;--;159;187;05:46;04:11;16;59;1.09;--;--;--;--;--;0.0;--;--;Nee;00:05:00.6;9;00:51:21;00:51:22;-25;28
Hardlopen;12-9-2023 16:04;FALSE;Heeze-Leende Hardlopen;8.96;699;00:54:41;167;179;--;159;175;06:06;04:51;12;50;1.03;--;--;--;--;--;0.0;--;--;Nee;00:05:39.8;9;00:54:38;00:54:41;-26;91
Hardlopen;7-9-2023 16:55;FALSE;Valkenswaard Hardlopen;7.59;564;00:44:22;166;178;--;159;175;05:51;04:13;--;34;1.08;--;--;--;--;--;0.0;--;--;Nee;00:03:07.1;8;00:44:19;00:44:22;-17;26
Hardlopen;5-9-2023 16:29;FALSE;Waalre Hardlopen;8.01;653;00:50:11;169;181;--;158;165;06:16;05:20;14;49;1.01;--;--;--;--;--;0.0;--;--;Nee;00:00:04.0;9;00:50:07;00:50:11;-10;29
Hardlopen;31-8-2023 20:23;FALSE;Waalre Hardlopen;7.67;634;00:44:50;175;193;--;159;179;05:51;04:03;14;60;1.08;--;--;--;--;--;0.0;--;--;Nee;00:03:39.9;8;00:44:49;00:44:50;-32;33
Hardlopen;29-8-2023 16:48;FALSE;Heeze-Leende Hardlopen;0.90;73;00:05:54.9;161;172;--;158;161;06:32;06:05;6;11;0.97;--;--;--;--;--;0.0;--;--;Nee;00:05:54.9;1;00:05:54.9;00:05:54.9;16;27
Hardlopen;29-8-2023 16:34;FALSE;Heeze-Leende Hardlopen;1.32;111;00:07:57.1;177;180;--;157;161;06:01;05:11;--;--;1.06;--;--;--;--;--;0.0;--;--;Nee;00:01:52.2;2;00:07:57.1;00:07:57.1;21;24
Hardlopen;29-8-2023 16:13;FALSE;Hardlopen;0.67;51;00:04:26.9;142;169;--;157;159;06:40;06:11;2;--;0.96;--;--;--;--;--;0.0;--;--;Nee;00:04:26.9;1;00:04:26;00:04:26.9;10;15
Hardlopen;15-8-2023 13:31;FALSE;Manhay Hardlopen;2.55;205;00:16:35;156;171;--;157;174;06:31;05:22;77;101;0.97;--;--;--;--;--;0.0;--;--;Nee;00:02:49.7;3;00:16:35;00:16:35;372;476
Hardlopen;12-8-2023 18:47;FALSE;Treteau Hardlopen;5.68;421;00:31:00;167;179;--;160;165;05:27;04:50;11;61;1.15;--;--;--;--;--;0.0;--;--;Nee;00:04:06.1;6;00:30:58;00:31:00;248;332
Hardlopen;7-8-2023 14:30;FALSE;Saint-Hilaire-de-Lusignan Hardlopen;5.29;414;00:32:14;161;178;--;155;168;06:05;04:56;136;171;1.05;--;--;--;--;--;0.0;--;--;Nee;00:01:28.8;6;00:31:50;00:33:12;38;163
Hardlopen;6-8-2023 14:43;FALSE;Saint-Hilaire-de-Lusignan Hardlopen;5.41;420;00:33:20;160;179;--;152;170;06:10;04:38;116;148;1.06;--;--;--;--;--;0.0;--;--;Nee;00:01:58.5;6;00:33:19;00:33:20;3;132
Hardlopen;5-8-2023 14:55;FALSE;Saint-Hilaire-de-Lusignan Hardlopen;1.84;142;00:10:52;167;178;--;157;166;05:54;05:19;30;71;1.08;--;--;--;--;--;0.0;--;--;Nee;00:04:42.2;2;00:10:52;00:10:52;47;106
Hardlopen;5-8-2023 14:38;FALSE;Saint-Hilaire-de-Lusignan Hardlopen;2.08;170;00:13:02;164;177;--;158;165;06:16;05:39;82;34;1.01;--;--;--;--;--;0.0;--;--;Nee;00:00:31.3;3;00:13:02;00:13:02;-118;-49
Hardlopen;16-7-2023 11:39;FALSE;Waalre Hardlopen;2.84;189;00:13:37;172;186;--;164;172;04:48;04:20;9;45;1.27;--;--;--;--;--;0.0;--;--;Nee;00:03:59.9;3;00:13:37;00:13:37;-10;34
Hardlopen;28-6-2023 17:12;FALSE;Valkenswaard Hardlopen;0.81;51;00:04:13.3;154;162;--;159;163;05:13;05:00;2;--;1.21;--;--;--;--;--;0.0;--;--;Nee;00:04:13.3;1;00:04:13.3;00:04:13.3;38;41
Hardlopen;7-6-2023 17:49;FALSE;Heeze-Leende Hardlopen;1.91;156;00:11:31;171;181;--;158;165;06:01;05:08;17;12;1.05;--;--;--;--;--;0.0;--;--;Nee;00:05:32.8;2;00:11:31;00:11:31;25;41
Hardlopen;7-6-2023 16:53;FALSE;Heeze-Leende Hardlopen;7.48;668;00:48:01;173;179;--;160;165;06:25;05:45;20;40;0.98;--;--;--;--;--;0.0;--;--;Nee;00:03:19.7;8;00:47:59;00:48:01;-8;106
Hardlopen;31-5-2023 17:14;FALSE;Heeze-Leende Hardlopen;3.05;251;00:19:36;168;176;--;155;165;06:26;05:17;5;16;1.00;--;--;--;--;--;0.0;--;--;Nee;00:00:23.2;4;00:19:34;00:19:36;24;43
Hardlopen;31-5-2023 16:39;FALSE;Waalre Hardlopen;5.94;457;00:33:38;169;176;--;160;163;05:40;04:30;9;45;1.10;--;--;--;--;--;0.0;--;--;Nee;00:05:29.2;6;00:33:38;00:33:38;-3;29
Hardlopen;24-5-2023 16:33;FALSE;Waalre Hardlopen;14.20;1,111;01:19:50;173;185;--;160;173;05:37;04:39;15;68;1.11;--;--;--;--;--;0.0;--;--;Nee;00:00:55.9;15;01:19:46;01:19:50;-43;22
Hardlopen;16-5-2023 16:52;FALSE;Waalre Hardlopen;14.19;1,046;01:19:52;167;184;--;160;173;05:38;04:54;18;64;1.11;--;--;--;--;--;0.0;--;--;Nee;00:00:53.9;15;01:19:49;01:19:52;-30;29
Hardlopen;4-5-2023 14:31;FALSE;Borger-Odoorn Hardlopen;4.36;299;00:24:09;162;175;--;161;167;05:32;04:23;6;42;1.12;--;--;--;--;--;0.0;--;--;Nee;00:01:46.8;5;00:24:07;00:24:09;-12;31
Hardlopen;30-4-2023 11:34;FALSE;Borger-Odoorn Hardlopen;4.54;323;00:25:03;166;181;--;162;168;05:31;04:49;6;40;1.12;--;--;--;--;--;0.0;--;--;Nee;00:02:39.5;5;00:25:01;00:25:03;-22;8
Hardlopen;13-4-2023 16:30;FALSE;Waalre Hardlopen;12.17;960;01:09:24;174;187;--;160;163;05:42;04:55;14;53;1.10;--;--;--;--;--;0.0;--;--;Nee;00:01:05.8;13;01:09:21;01:09:24;-37;17
Hardlopen;6-4-2023 16:48;FALSE;Waalre Hardlopen;14.22;1,036;01:20:20;166;181;--;161;178;05:39;04:54;180;231;1.10;--;--;--;--;--;0.0;--;--;Nee;00:01:03.3;15;01:20:16;01:20:20;-24;39
Hardlopen;30-3-2023 15:07;FALSE;Waalre Hardlopen;14.18;1,115;01:21:51;173;185;--;161;173;05:46;05:05;82;118;1.07;--;--;--;--;--;0.0;--;--;Nee;00:00:51.4;15;01:21:47;01:21:51;-10;26
Hardlopen;26-3-2023 15:24;FALSE;Waalre Hardlopen;5.29;386;00:27:59;170;181;--;163;168;05:17;04:34;2;50;1.16;--;--;--;--;--;0.0;--;--;Nee;00:01:32.2;6;00:27:57;00:27:59;-28;21
Hardlopen;23-3-2023 16:11;FALSE;Waalre Hardlopen;14.29;1,113;01:23:03;170;183;--;161;170;05:49;04:54;20;57;1.07;--;--;--;--;--;0.0;--;--;Nee;00:01:37.5;15;01:22:57;01:23:03;3;31
Hardlopen;19-3-2023 16:17;FALSE;Waalre Hardlopen;5.18;343;00:27:08;163;177;--;165;173;05:14;04:38;2;51;1.15;--;--;--;--;--;0.0;--;--;Nee;00:00:51.3;6;00:27:07;00:27:08;-9;20
Hardlopen;16-3-2023 16:53;FALSE;Waalre Hardlopen;14.35;1,127;01:24:36;174;184;--;160;165;05:54;05:05;16;57;1.06;--;--;--;--;--;0.0;--;--;Nee;00:02:08.0;15;01:24:32;01:24:36;-15;26
Hardlopen;9-3-2023 17:15;FALSE;Heeze-Leende Hardlopen;7.33;576;00:41:40;178;184;--;161;165;05:41;04:57;6;9;1.09;--;--;--;--;--;0.0;--;--;Nee;00:01:41.0;8;00:41:39;00:41:40;18;52
Hardlopen;9-3-2023 16:37;FALSE;Waalre Hardlopen;6.82;490;00:37:22;168;182;--;160;165;05:29;04:50;11;46;1.14;--;--;--;--;--;0.0;--;--;Nee;00:04:28.5;7;00:37:20;00:37:22;-4;32
Hardlopen;3-3-2023 17:10;FALSE;Waalre Hardlopen;5.15;360;00:26:39;174;182;--;164;171;05:10;04:37;2;51;1.18;--;--;--;--;--;0.0;--;--;Nee;00:00:45.7;6;00:26:37;00:26:39;-3;23
Hardlopen;25-2-2023 15:54;FALSE;Waalre Hardlopen;14.21;977;01:19:35;163;181;--;164;180;05:36;04:57;20;76;1.09;--;--;--;--;--;0.0;--;--;Nee;00:01:04.8;15;01:19:30;01:19:35;-27;26
Hardlopen;19-2-2023 13:48;FALSE;Waalre Hardlopen;14.32;984;01:21:34;163;175;--;161;168;05:42;04:49;13;63;1.09;--;--;--;--;--;0.0;--;--;Nee;00:01:37.4;15;01:21:31;01:21:34;-27;29
Hardlopen;16-2-2023 16:51;FALSE;Waalre Hardlopen;14.26;1,071;01:24:27;172;188;--;159;167;05:55;04:52;16;64;1.06;--;--;--;--;--;0.0;--;--;Nee;00:01:27.8;15;01:24:22;01:24:27;-38;29
Hardlopen;9-2-2023 09:01;FALSE;Waalre Hardlopen;12.25;1,009;01:16:03;178;188;--;161;168;06:12;05:17;15;72;1.00;--;--;--;--;--;0.0;--;--;Nee;00:01:24.4;13;01:16:01;01:16:03;1;34
Hardlopen;2-2-2023 17:43;FALSE;Waalre Hardlopen;2.14;168;00:13:50;173;182;--;160;166;06:29;05:44;--;8;0.97;--;--;--;--;--;0.0;--;--;Nee;00:00:47.3;3;00:13:49;00:13:50;-5;1
Hardlopen;2-2-2023 16:39;FALSE;Waalre Hardlopen;9.90;772;01:00:14;171;186;--;159;170;06:05;05:20;167;214;1.04;--;--;--;--;--;0.0;--;--;Nee;00:01:39.8;11;01:00:11;01:00:14;-7;27
Hardlopen;26-1-2023 16:24;FALSE;Waalre Hardlopen;12.24;949;01:15:06;171;186;--;159;165;06:08;05:06;17;57;1.03;--;--;--;--;--;0.0;--;--;Nee;00:01:21.8;13;01:15:03;01:15:06;-9;36
Hardlopen;18-1-2023 14:35;FALSE;Waalre Hardlopen;12.27;1,053;01:16:51;178;188;--;160;168;06:16;05:12;19;68;1.00;--;--;--;--;--;0.0;--;--;Nee;00:01:35.0;13;01:16:48;01:16:51;--;34
Hardlopen;10-1-2023 15:35;FALSE;Waalre Hardlopen;12.33;1,028;01:15:46;174;190;--;160;168;06:09;05:12;107;140;1.02;--;--;--;--;--;0.0;--;--;Nee;00:01:56.1;13;01:15:43;01:15:46;-4;22
Hardlopen;4-1-2023 15:33;FALSE;Apeldoorn Hardlopen;15.07;1,122;01:34:05;161;177;--;159;165;06:15;05:21;117;164;1.01;--;--;--;--;--;0.0;--;--;Nee;00:00:24.8;16;01:34:00;01:34:05;-2;71
Hardlopen;1-1-2023 15:41;FALSE;Waalre Hardlopen;11.93;914;01:11:37;170;180;--;160;169;06:00;05:16;22;68;1.04;--;--;--;--;--;0.0;--;--;Nee;00:05:35.0;12;01:11:34;01:11:37;-6;34
Hardlopen;29-12-2022 15:35;FALSE;Waalre Hardlopen;12.07;941;01:14:04;172;186;--;160;167;06:08;04:59;18;67;1.02;--;--;--;--;--;0.0;--;--;Nee;00:00:25.0;13;01:14:01;01:14:04;-6;27
Hardlopen;24-12-2022 11:26;FALSE;Waalre Hardlopen;12.26;1,02;01:16:49;175;188;--;160;173;06:16;05:07;12;48;1.00;--;--;--;--;--;0.0;--;--;Nee;00:01:31.8;13;01:16:46;01:16:49;-43;2
Hardlopen;15-12-2022 16:24;FALSE;Waalre Hardlopen;11.40;885;01:10:08;170;185;--;160;170;06:09;05:05;15;65;1.02;--;--;--;--;--;0.0;--;--;Nee;00:02:12.4;12;01:10:06;01:10:08;-9;30
Hardlopen;4-12-2022 15:02;FALSE;Waalre Hardlopen;11.36;810;01:08:01;160;182;--;160;181;05:59;04:42;17;63;1.04;--;--;--;--;--;0.0;--;--;Nee;00:01:43.1;12;01:07:58;01:08:01;-25;35
Hardlopen;1-12-2022 16:45;FALSE;Waalre Hardlopen;8.09;630;00:50:22;169;182;--;158;172;06:14;04:45;14;56;1.01;--;--;--;--;--;0.0;--;--;Nee;00:00:26.5;9;00:50:19;00:50:22;-16;28
Hardlopen;29-11-2022 16:01;FALSE;Waalre Hardlopen;8.14;652;00:49:13;172;187;--;159;181;06:03;04:46;12;60;1.04;--;--;--;--;--;0.0;--;--;Nee;00:00:43.2;9;00:49:11;00:49:13;-31;23
Hardlopen;17-11-2022 17:15;FALSE;Waalre Hardlopen;8.18;615;00:49:29;165;180;--;160;168;06:03;04:55;13;61;1.04;--;--;--;--;--;0.0;--;--;Nee;00:01:01.9;9;00:49:27;00:49:29;-50;21
Hardlopen;13-11-2022 14:53;FALSE;Waalre Hardlopen;8.19;576;00:47:10;165;182;--;161;179;05:46;04:51;15;51;1.08;--;--;--;--;--;0.0;--;--;Nee;00:00:52.7;9;00:47:07;00:47:10;-11;34
Hardlopen;10-11-2022 16:52;FALSE;Waalre Hardlopen;8.10;598;00:48:39;166;181;--;159;168;06:00;05:11;9;58;1.05;--;--;--;--;--;0.0;--;--;Nee;00:00:33.7;9;00:48:35;00:48:39;-47;10
Hardlopen;3-11-2022 17:04;FALSE;Waalre Hardlopen;8.12;627;00:50:08;169;178;--;159;167;06:10;05:10;75;119;1.02;--;--;--;--;--;0.0;--;--;Nee;00:00:38.0;9;00:50:05;00:50:08;-39;31
Hardlopen;27-10-2022 17:36;FALSE;Heeze-Leende Hardlopen;4.07;345;00:26:28;175;181;--;156;167;06:30;05:28;7;11;0.99;--;--;--;--;--;0.0;--;--;Nee;00:00:25.4;5;00:26:27;00:26:28;11;21
Hardlopen;23-10-2022 13:33;FALSE;Waalre Hardlopen;8.10;641;00:50:04;171;183;--;157;168;06:11;05:12;36;73;1.03;--;--;--;--;--;0.0;--;--;Nee;00:00:29.9;9;00:50:02;00:50:04;-37;10
Hardlopen;18-10-2022 17:25;FALSE;Waalre Hardlopen;7.72;571;00:45:55;169;184;--;160;169;05:57;05:12;11;63;1.05;--;--;--;--;--;0.0;--;--;Nee;00:04:44.2;8;00:45:54;00:45:55;-49;32
Hardlopen;15-10-2022 15:50;FALSE;Waalre Hardlopen;4.25;309;00:24:19;168;176;--;159;163;05:43;05:12;9;49;1.10;--;--;--;--;--;0.0;--;--;Nee;00:01:25.9;5;00:24:16;00:24:19;-36;21
Hardlopen;7-10-2022 17:29;FALSE;Waalre Hardlopen;7.86;613;00:47:54;170;184;--;158;168;06:06;05:18;12;9;1.04;--;--;--;--;--;0.0;--;--;Nee;00:04:52.1;8;00:47:51;00:47:54;5;26
Hardlopen;29-9-2022 17:16;FALSE;Waalre Hardlopen;7.20;590;00:43:13;176;185;--;159;167;06:00;04:47;9;59;1.05;--;--;--;--;--;0.0;--;--;Nee;00:01:06.3;8;00:43:11;00:43:13;-34;20
Hardlopen;23-9-2022 17:10;FALSE;Heeze-Leende Hardlopen;6.99;552;00:41:52;170;189;--;159;179;06:00;04:50;6;15;1.05;--;--;--;--;--;0.0;--;--;Nee;00:05:37.5;7;00:41:51;00:41:52;9;24
Hardlopen;16-9-2022 16:54;FALSE;Waalre Hardlopen;8.09;644;00:48:51;170;186;--;159;168;06:02;05:05;14;49;1.04;--;--;--;--;--;0.0;--;--;Nee;00:00:26.6;9;00:48:49;00:48:51;-33;17
Hardlopen;13-9-2022 16:42;FALSE;Waalre Hardlopen;7.18;576;00:43:34;171;189;--;157;167;06:04;05:00;8;52;1.05;--;--;--;--;--;0.0;--;--;Nee;00:00:51.1;8;00:43:30;00:43:34;-36;18
Hardlopen;10-9-2022 17:30;FALSE;Waalre Hardlopen;6.97;584;00:42:07;172;190;--;159;167;06:02;04:59;12;54;1.04;--;--;--;--;--;0.0;--;--;Nee;00:05:36.9;7;00:42:05;00:42:07;13;79
Hardlopen;17-8-2022 16:01;FALSE;Chvalsiny Hardlopen;10.25;959;01:13:42;165;184;--;155;177;07:11;05:22;244;284;0.89;--;--;--;--;--;0.0;--;--;Nee;00:01:29.4;11;01:13:39;01:13:42;612;789
Hardlopen;14-8-2022 16:28;FALSE;Chvalsiny Hardlopen;11.94;1,088;01:19:26;169;184;--;155;181;06:39;05:09;259;290;0.97;--;--;--;--;--;0.0;--;--;Nee;00:05:45.3;12;01:19:22;01:19:26;554;746
Hardlopen;28-7-2022 09:35;FALSE;Lansingerland Hardlopen;10.82;975;01:06:58;173;183;--;156;179;06:11;04:23;119;153;1.03;--;--;--;--;--;0.0;--;--;Nee;00:04:47.4;11;01:06:51;01:06:58;-39;13
Hardlopen;25-7-2022 16:46;FALSE;Waalre Hardlopen;7.00;541;00:39:23;163;176;--;159;173;05:37;04:53;11;46;1.12;--;--;--;--;--;0.0;--;--;Nee;00:05:26.8;7;00:39:21;00:39:23;-37;8
Hardlopen;21-7-2022 17:18;FALSE;Waalre Hardlopen;7.00;554;00:38:48;168;182;--;159;175;05:33;04:52;13;44;1.13;--;--;--;--;--;0.0;--;--;Nee;00:05:17.3;7;00:38:46;00:38:48;-31;10
Hardlopen;14-7-2022 20:56;FALSE;Waalre Hardlopen;5.88;525;00:38:41;167;182;--;159;170;06:34;05:08;9;48;0.95;--;--;--;--;--;0.0;--;--;Nee;00:05:00.8;6;00:38:36;00:38:41;-241;5
Hardlopen;8-7-2022 17:13;FALSE;Waalre Hardlopen;7.02;550;00:39:58;168;182;--;159;168;05:42;04:47;23;43;1.11;--;--;--;--;--;0.0;--;--;Nee;00:00:07.4;8;00:39:56;00:39:58;-218;-191
Hardlopen;6-7-2022 20:03;FALSE;Waalre Hardlopen;6.15;430;00:32:48;163;181;--;160;170;05:20;04:08;--;37;1.17;--;--;--;--;--;0.0;--;--;Nee;00:00:33.5;7;00:32:46;00:32:48;-204;-163
Hardlopen;3-7-2022 21:10;FALSE;Waalre Hardlopen;6.07;452;00:33:35;165;178;--;159;173;05:32;04:38;2;47;1.14;--;--;--;--;--;0.0;--;--;Nee;00:00:16.7;7;00:33:32;00:33:35;-168;-121
Hardlopen;1-7-2022 19:53;FALSE;Waalre Hardlopen;6.05;501;00:33:11;177;189;--;159;178;05:29;03:36;--;53;1.15;--;--;--;--;--;0.0;--;--;Nee;00:00:10.2;7;00:33:10;00:33:11;-155;-101
Hardlopen;29-6-2022 20:08;FALSE;Waalre Hardlopen;6.11;518;00:34:54;176;190;--;160;167;05:43;05:10;2;54;1.10;--;--;--;--;--;0.0;--;--;Nee;00:00:27.0;7;00:34:53;00:34:54;-94;-39
Hardlopen;4-5-2022 12:25;FALSE;Barneveld Hardlopen;14.41;1,106;01:17:29;168;185;--;161;173;05:23;05:10;32;60;1.16;--;--;--;--;--;0.0;--;--;Nee;00:02:27.3;15;01:17:26;01:19:09;-102;105
Hardlopen;10-12-2021 17:09;FALSE;Valkenswaard Hardlopen;1.24;95;00:06:35.9;173;176;--;163;167;05:20;05:02;--;--;1.15;--;--;--;--;--;0.0;--;--;Nee;00:01:14.2;2;00:06:35.7;00:06:35.9;20;22
Hardlopen;10-12-2021 17:05;FALSE;Valkenswaard Hardlopen;0.57;40;00:02:58.1;167;177;--;162;167;05:14;05:03;--;--;1.18;--;--;--;--;--;0.0;--;--;Nee;00:02:58.1;1;00:02:58;00:02:58.1;1;3
Hardlopen;10-12-2021 16:29;FALSE;Waalre Hardlopen;2.40;175;00:13:18;160;173;--;160;168;05:33;05:03;2;17;1.13;--;--;--;--;--;0.0;--;--;Nee;00:02:25.1;3;00:13:18;00:13:18;-3;15
Hardlopen;6-11-2021 11:41;FALSE;Heeze-Leende Hardlopen;13.19;1,056;01:11:56;173;186;--;164;170;05:27;04:51;11;44;1.12;--;--;--;--;--;0.0;--;--;Nee;00:00:56.5;14;01:11:54;01:11:56;-141;22
Hardlopen;23-10-2021 15:40;FALSE;Waalre Hardlopen;13.01;1,11;01:13:05;175;188;--;162;167;05:37;04:27;11;48;1.10;--;--;--;--;--;0.0;--;--;Nee;00:00:02.9;14;01:13:02;01:13:05;-97;-50
Hardlopen;17-10-2021 12:50;FALSE;Borger-Odoorn Hardlopen;10.02;775;00:54:43;167;178;--;162;168;05:28;04:44;15;49;1.13;--;--;--;--;--;0.0;--;--;Nee;00:00:10.0;11;00:54:30;00:54:43;-25;18
Hardlopen op een loopband;14-10-2021 17:36;FALSE;Hardlopen op een loopband;4.89;352;00:26:24;157;172;--;158;165;05:24;04:52;--;--;1.17;--;--;--;--;--;0.0;--;--;Nee;00:04:45.9;5;00:26:17;00:26:24;--;--
Hardlopen op een loopband;10-10-2021 17:14;FALSE;Hardlopen op een loopband;7.83;565;00:42:19;157;174;--;158;167;05:24;05:08;--;--;1.17;--;--;--;--;--;0.0;--;--;Nee;00:04:29.3;8;00:42:17;00:42:19;--;--
Hardlopen op een loopband;6-10-2021 16:49;FALSE;Hardlopen op een loopband;11.58;879;01:02:01;165;183;--;158;165;05:21;05:07;--;--;1.18;--;--;--;--;--;0.0;--;--;Nee;00:03:07.3;12;01:01:59;01:02:01;--;--
Hardlopen op een loopband;30-9-2021 16:55;FALSE;Hardlopen op een loopband;8.48;607;00:45:26;157;176;--;159;165;05:22;05:12;--;--;1.17;--;--;--;--;--;0.0;--;--;Nee;00:02:36.8;9;00:45:25;00:45:26;--;--
Hardlopen;25-9-2021 15:23;FALSE;Waalre Hardlopen;13.15;1,01;01:14:08;162;176;--;162;170;05:38;04:36;21;50;1.09;--;--;--;--;--;0.0;--;--;Nee;00:00:46.3;14;01:14:06;01:14:08;39;79
Hardlopen op een loopband;21-9-2021 16:59;FALSE;Hardlopen op een loopband;9.01;623;00:47:21;155;167;--;159;163;05:15;05:10;--;--;1.20;--;--;--;--;--;0.0;--;--;Nee;00:00:03.5;10;00:47:16;00:47:21;--;--
Hardlopen;18-9-2021 15:42;FALSE;Waalre Hardlopen;13.41;1,067;01:16:21;165;178;--;163;170;05:42;04:51;15;51;1.08;--;--;--;--;--;0.0;--;--;Nee;00:02:09.5;14;01:16:18;01:16:21;-21;20
Hardlopen;11-9-2021 16:07;FALSE;Waalre Hardlopen;13.22;1,036;01:12:56;167;180;--;163;170;05:31;04:48;54;90;1.11;--;--;--;--;--;0.0;--;--;Nee;00:01:04.3;14;01:12:52;01:12:56;71;124
Hardlopen op een loopband;9-9-2021 17:43;FALSE;Hardlopen op een loopband;9.34;671;00:47:41;163;182;--;156;168;05:06;04:42;--;--;1.26;--;--;--;--;--;0.0;--;--;Nee;00:02:44.9;10;00:46:21;00:47:41;--;--
Hardlopen op een loopband;7-9-2021 16:58;FALSE;Hardlopen op een loopband;12.65;843;01:06:13;154;171;--;149;163;05:14;04:50;--;--;1.28;--;--;--;--;--;0.0;--;--;Nee;00:04:51.4;13;01:01:48;01:06:13;--;--
Hardlopen;4-9-2021 14:56;FALSE;Heeze-Leende Hardlopen;12.20;934;01:08:28;160;177;--;163;172;05:37;04:55;13;41;1.10;--;--;--;--;--;0.0;--;--;Nee;00:00:57.3;13;01:08:25;01:08:28;46;80
Hardlopen;24-8-2021 15:47;FALSE;Landgraaf Hardlopen;8.09;648;00:44:58;167;179;--;161;167;05:33;05:00;46;75;1.12;--;--;--;--;--;0.0;--;--;Nee;00:00:26.6;9;00:44:57;00:44:58;116;167
Hardlopen;21-8-2021 08:57;FALSE;Landgraaf Hardlopen;2.02;146;00:10:36;159;176;--;164;168;05:15;04:54;5;11;1.16;--;--;--;--;--;0.0;--;--;Nee;00:00:05.6;3;00:10:36;00:10:36;110;123
Hardlopen;21-8-2021 08:20;FALSE;Übach-Palenberg Hardlopen;2.04;157;00:12:08;152;161;--;160;167;05:57;05:14;--;15;1.05;--;--;--;--;--;0.0;--;--;Nee;00:00:14.5;3;00:12:07;00:12:08;101;118
Hardlopen;21-8-2021 08:14;FALSE;Landgraaf Hardlopen;0.58;49;00:03:58.5;147;164;--;158;236;06:48;05:55;28;--;0.93;--;--;--;--;--;0.0;--;--;Nee;00:03:58.5;1;00:03:58;00:03:58.5;88;117
Hardlopen;21-8-2021 08:08;FALSE;Herzogenrath Hardlopen;0.86;61;00:05:05.8;144;150;--;158;163;05:55;05:07;--;--;1.07;--;--;--;--;--;0.0;--;--;Nee;00:05:05.8;1;00:05:05.8;00:05:05.8;85;87
Hardlopen;13-8-2021 16:46;FALSE;Waalre Hardlopen;13.44;1,115;01:14:59;172;184;--;162;168;05:35;05:08;16;44;1.10;--;--;--;--;--;0.0;--;--;Nee;00:02:14.0;14;01:14:57;01:14:59;-68;12
Hardlopen op een loopband;11-8-2021 17:33;FALSE;Hardlopen op een loopband;8.74;689;00:49:15;163;182;--;157;165;05:38;04:59;--;--;1.13;--;--;--;--;--;0.0;--;--;Nee;00:04:42.3;9;00:48:47;00:49:15;--;--
Hardlopen;31-7-2021 15:21;FALSE;Hardlopen;11.18;1,038;01:11:53;168;182;--;162;170;06:26;05:24;9;51;0.96;--;--;--;--;--;0.0;--;--;Nee;00:00:59.5;12;--:--:--;01:11:53;-306;-264
Hardlopen;12-7-2021 08:12;FALSE;Hardlopen;0.00;--;00:00:00;--;--;--;--;--;--;--;--;--;--;--;--;--;--;--;0.0;--;--;Nee;00:00:00;1;00:00:00;00:00:00;--;--
Hardlopen;4-7-2021 10:59;FALSE;Heeze-Leende Hardlopen;11.72;988;01:19:25;160;177;--;154;168;06:47;05:14;17;32;0.95;--;--;--;--;--;0.0;--;--;Nee;00:03:43.0;12;01:19:07;01:19:25;-100;65
Hardlopen;13-6-2021 08:02;FALSE;Waalre Hardlopen;13.51;989;01:15:04;160;176;--;164;172;05:33;04:51;9;26;1.10;--;--;--;--;--;0.0;--;--;Nee;00:02:33.3;14;01:15:00;01:15:04;56;76
Hardlopen;6-6-2021 09:40;FALSE;Waalre Hardlopen;12.68;993;01:15:56;163;178;--;162;172;05:59;04:50;15;40;1.03;--;--;--;--;--;0.0;--;--;Nee;00:03:31.1;13;01:15:53;01:15:56;10;44
Hardlopen;30-5-2021 11:53;FALSE;Heeze-Leende Hardlopen;1.62;128;00:09:39.1;169;174;--;162;170;05:57;05:05;2;4;1.04;--;--;--;--;--;0.0;--;--;Nee;00:03:49.8;2;00:09:38.8;00:09:39.1;12;34
Hardlopen;30-5-2021 10:56;FALSE;Heeze-Leende Hardlopen;6.56;542;00:39:02;170;179;--;162;168;05:57;05:44;117;93;1.04;--;--;--;--;--;0.0;--;--;Nee;00:03:22.2;7;00:39:00;00:39:02;-500;6
Hardlopen;18-5-2021 16:41;FALSE;Waalre Hardlopen;2.09;159;00:11:03;175;179;--;163;165;05:18;04:58;--;--;1.16;--;--;--;--;--;0.0;--;--;Nee;00:00:27.1;3;00:11:03;00:11:03;-20;-17
Hardlopen;18-5-2021 16:18;FALSE;Valkenswaard Hardlopen;3.10;229;00:16:06;173;178;--;163;167;05:12;04:49;--;5;1.18;--;--;--;--;--;0.0;--;--;Nee;00:00:33.4;4;00:16:05;00:16:06;13;18
Hardlopen;13-5-2021 14:10;FALSE;Hardenberg Hardlopen;12.74;957;01:12:35;166;178;--;163;173;05:42;04:40;22;8;1.08;--;--;--;--;--;0.0;--;--;Nee;00:04:00.9;13;01:12:32;01:12:35;-10;7
Hardlopen;11-5-2021 11:14;FALSE;Waalre Hardlopen;4.93;379;00:26:28;174;180;--;162;167;05:22;04:43;9;4;1.15;--;--;--;--;--;0.0;--;--;Nee;00:04:59.8;5;00:26:27;00:26:28;-58;-51
Hardlopen;1-5-2021 17:32;FALSE;Waalre Hardlopen;1.24;95;00:06:31.9;177;181;--;165;168;05:15;04:53;2;--;1.16;--;--;--;--;--;0.0;--;--;Nee;00:01:27.1;2;00:06:31.7;00:06:31.9;17;21
Hardlopen;1-5-2021 17:04;FALSE;Valkenswaard Hardlopen;5.39;387;00:27:11;172;177;--;163;167;05:03;04:16;--;--;1.21;--;--;--;--;--;0.0;--;--;Nee;00:01:53.2;6;00:27:10;00:27:11;0;2
Hardlopen;1-5-2021 16:52;FALSE;Valkenswaard Hardlopen;1.90;124;00:09:42.2;158;171;--;163;168;05:07;04:55;--;--;1.20;--;--;--;--;--;0.0;--;--;Nee;00:04:34.1;2;00:09:42;00:09:42.2;11;13
Hardlopen;28-4-2021 15:49;FALSE;Waalre Hardlopen;8.30;648;00:44:23;176;182;--;161;168;05:21;04:35;15;6;1.16;--;--;--;--;--;0.0;--;--;Nee;00:01:55.0;9;00:44:22;00:44:23;-52;189
Hardlopen;20-4-2021 17:34;FALSE;Heeze-Leende Hardlopen;2.03;162;00:11:32;173;179;--;161;170;05:41;05:20;9;4;1.09;--;--;--;--;--;0.0;--;--;Nee;00:00:09.3;3;00:11:32;00:19:21;-25;-13
Hardlopen;20-4-2021 16:46;FALSE;Waalre Hardlopen;7.57;583;00:39:10;175;182;--;161;165;05:11;04:33;13;4;1.20;--;--;--;--;--;0.0;--;--;Nee;00:03:01.1;8;00:39:09;00:39:10;-214;-195
Hardlopen;13-4-2021 16:45;FALSE;Heeze-Leende Hardlopen;12.17;976;01:04:56;176;186;--;161;167;05:20;04:56;15;11;1.17;--;--;--;--;--;0.0;--;--;Nee;00:00:48.7;13;01:04:52;01:04:56;-214;-9
Hardlopen;7-4-2021 15:53;FALSE;Waalre Hardlopen;12.36;989;01:05:49;175;187;--;160;168;05:19;04:41;11;18;1.17;--;--;--;--;--;0.0;--;--;Nee;00:01:49.1;13;01:05:46;01:05:49;-19;-5
Hardlopen;30-3-2021 16:32;FALSE;Waalre Hardlopen;12.65;1,021;01:08:44;176;188;--;161;168;05:26;04:35;24;9;1.14;--;--;--;--;--;0.0;--;--;Nee;00:03:37.0;13;01:08:39;01:08:44;43;66
Hardlopen;26-3-2021 10:30;FALSE;Waalre Hardlopen;11.04;890;00:58:51;177;188;--;161;170;05:20;04:40;81;69;1.17;--;--;--;--;--;0.0;--;--;Nee;00:00:12.4;12;00:58:48;00:58:51;6;44
Hardlopen;17-3-2021 14:51;FALSE;Waalre Hardlopen;12.53;1,004;01:07:17;176;186;--;160;165;05:22;04:45;40;40;1.16;--;--;--;--;--;0.0;--;--;Nee;00:02:38.7;13;01:07:14;01:07:17;9;21
Hardlopen;10-3-2021 14:50;FALSE;Waalre Hardlopen;12.65;1,038;01:09:36;177;187;--;161;170;05:30;04:51;28;15;1.13;--;--;--;--;--;0.0;--;--;Nee;00:03:31.2;13;01:09:32;01:09:36;23;44
Hardlopen;3-3-2021 11:39;FALSE;Waalre Hardlopen;12.70;1,012;01:10:35;173;188;--;161;168;05:33;04:53;19;9;1.12;--;--;--;--;--;0.0;--;--;Nee;00:03:43.1;13;01:10:33;01:10:35;9;26
Hardlopen;24-2-2021 15:11;FALSE;Waalre Hardlopen;12.45;1,02;01:09:23;176;189;--;161;167;05:34;04:50;21;11;1.11;--;--;--;--;--;0.0;--;--;Nee;00:02:15.5;13;01:09:19;01:09:23;43;62
Hardlopen;19-2-2021 15:00;FALSE;Waalre Hardlopen;5.04;387;00:26:25;173;185;--;163;168;05:15;04:38;2;2;1.17;--;--;--;--;--;0.0;--;--;Nee;00:00:13.6;7;00:26:24;00:26:25;26;30
Hardlopen;2-2-2021 16:12;FALSE;Waalre Hardlopen;12.69;1,101;01:12:25;179;188;--;160;163;05:42;04:44;17;13;1.09;--;--;--;--;--;0.0;--;--;Nee;00:04:00.5;13;01:12:21;01:12:25;4;15
Hardlopen;31-1-2021 17:24;FALSE;Waalre Hardlopen;5.55;438;00:29:12;174;185;--;161;167;05:16;04:36;13;11;1.18;--;--;--;--;--;0.0;--;--;Nee;00:02:39.7;6;00:29:11;00:29:12;10;20
Hardlopen;27-1-2021 16:30;FALSE;Heeze-Leende Hardlopen;12.67;1,103;01:14:58;173;191;--;160;165;05:55;05:12;11;13;1.06;--;--;--;--;--;0.0;--;--;Nee;00:03:53.7;13;01:14:56;01:14:58;3;12
Hardlopen;20-1-2021 15:37;FALSE;Waalre Hardlopen;13.57;1,104;01:16:28;179;185;--;160;165;05:38;04:35;22;13;1.11;--;--;--;--;--;0.0;--;--;Nee;00:03:26.0;14;01:16:20;01:16:28;26;44
Hardlopen;17-1-2021 13:24;FALSE;Waalre Hardlopen;5.56;421;00:28:36;176;189;--;163;170;05:08;04:42;11;13;1.19;--;--;--;--;--;0.0;--;--;Nee;00:02:43.6;6;00:28:35;00:28:36;15;24
Hardlopen;11-1-2021 17:01;FALSE;Waalre Hardlopen;5.52;397;00:28:41;170;192;--;160;165;05:12;04:43;15;12;1.20;--;--;--;--;--;0.0;--;--;Nee;00:02:33.5;6;00:28:40;00:28:41;-10;6
Hardlopen;9-1-2021 16:10;FALSE;Heeze-Leende Hardlopen;5.55;429;00:28:35;178;190;--;162;168;05:09;04:44;11;13;1.20;--;--;--;--;--;0.0;--;--;Nee;00:02:41.1;6;00:28:35;00:28:35;-15;49
Hardlopen;4-1-2021 16:04;FALSE;Heeze-Leende Hardlopen;5.62;421;00:28:37;175;189;--;162;167;05:06;04:18;12;11;1.22;--;--;--;--;--;0.0;--;--;Nee;00:02:53.4;6;00:28:36;00:28:37;49;58
Hardlopen;31-12-2020 14:48;FALSE;Waalre Hardlopen;5.49;417;00:28:33;176;186;--;162;168;05:12;04:37;11;15;1.18;--;--;--;--;--;0.0;--;--;Nee;00:02:19.9;6;00:28:32;00:28:33;39;50
Hardlopen;28-12-2020 13:11;FALSE;Waalre Hardlopen;5.65;441;00:29:25;177;191;--;164;170;05:13;04:29;11;11;1.17;--;--;--;--;--;0.0;--;--;Nee;00:03:12.6;6;00:29:24;00:29:25;195;204
Hardlopen;26-12-2020 08:54;FALSE;Heeze-Leende Hardlopen;5.34;452;00:29:30;181;192;--;164;167;05:31;04:49;9;10;1.11;--;--;--;--;--;0.0;--;--;Nee;00:01:35.8;6;00:29:29;00:29:30;31;41
Hardlopen;24-12-2020 14:06;FALSE;Waalre Hardlopen;3.43;276;00:18:04;181;193;--;161;167;05:16;04:49;2;2;1.18;--;--;--;--;--;0.0;--;--;Nee;00:01:53.0;4;00:18:03;00:18:04;-122;50
Hardlopen;8-12-2020 11:50;FALSE;Heeze-Leende Hardlopen;14.32;1,231;01:21:32;179;194;--;161;165;05:42;05:12;17;13;1.09;--;--;--;--;--;0.0;--;--;Nee;00:01:52.6;15;01:21:28;01:21:32;13;29
Hardlopen;25-11-2020 18:22;FALSE;Zaanstad Hardlopen;1.99;156;00:10:58;172;184;--;161;167;05:30;04:59;7;6;1.13;--;--;--;--;--;0.0;--;--;Nee;00:05:27.9;2;00:10:58;00:10:58;-5;3
Hardlopen;25-11-2020 17:29;FALSE;Zaanstad Hardlopen;7.54;553;00:41:01;167;184;--;161;175;05:26;04:46;7;7;1.14;--;--;--;--;--;0.0;--;--;Nee;00:02:55.5;8;00:40:59;00:48:03;-2;6
Hardlopen;19-11-2020 17:24;FALSE;Waalre Hardlopen;5.02;369;00:26:01;171;187;--;163;168;05:11;04:29;--;8;1.18;--;--;--;--;--;0.0;--;--;Nee;00:00:06.5;6;00:25:58;00:26:01;18;30
Hardlopen;17-11-2020 17:26;FALSE;Waalre Hardlopen;5.08;366;00:26:28;169;184;--;162;247;05:12;04:31;--;4;1.18;--;--;--;--;--;0.0;--;--;Nee;00:00:24.4;6;00:26:27;00:26:28;22;29
Hardlopen;10-11-2020 17:21;FALSE;Waalre Hardlopen;4.38;308;00:23:25;166;179;--;162;167;05:21;04:55;2;2;1.15;--;--;--;--;--;0.0;--;--;Nee;00:01:53.5;5;00:23:25;00:23:25;23;57
Hardlopen;4-11-2020 16:14;FALSE;Heeze-Leende Hardlopen;14.31;1,17;01:22:47;173;189;--;160;165;05:47;05:00;13;17;1.08;--;--;--;--;--;0.0;--;--;Nee;00:01:43.1;15;01:22:43;01:22:47;13;23
Hardlopen;28-10-2020 16:09;FALSE;Heeze-Leende Hardlopen;14.73;1,228;01:24:06;177;188;--;160;167;05:43;05:05;23;13;1.09;--;--;--;--;--;0.0;--;--;Nee;00:04:06.1;15;01:24:03;01:24:06;37;56
Hardlopen;20-10-2020 16:39;FALSE;Waalre Hardlopen;15.18;1,264;01:29:04;174;189;--;160;167;05:52;05:01;20;13;1.06;--;--;--;--;--;0.0;--;--;Nee;00:00:58.2;16;01:29:02;01:29:04;44;61
Hardlopen;13-10-2020 16:27;FALSE;Waalre Hardlopen;15.55;1,372;01:36:26;174;187;--;158;163;06:12;05:21;15;12;1.02;--;--;--;--;--;0.0;--;--;Nee;00:03:29.9;16;01:36:23;01:36:47;17;27
Hardlopen;1-10-2020 16:06;FALSE;Waalre Hardlopen;15.63;1,455;01:35:17;179;191;--;160;165;06:06;05:16;31;33;1.03;--;--;--;--;--;0.0;--;--;Nee;00:03:48.0;16;01:35:06;01:36:13;14;29
Hardlopen;24-9-2020 16:38;FALSE;Heeze-Leende Hardlopen;15.90;1,409;01:32:15;175;188;--;160;165;05:48;05:14;28;11;1.08;--;--;--;--;--;0.0;--;--;Nee;00:05:24.5;16;01:32:12;01:32:15;11;78
Hardlopen;17-9-2020 14:04;FALSE;Waalre Hardlopen;12.12;1,063;01:10:02;172;186;--;161;167;05:47;05:08;24;8;1.08;--;--;--;--;--;0.0;--;--;Nee;00:00:36.7;13;01:09:58;01:10:02;-2;18
Hardlopen;10-9-2020 12:35;FALSE;Waalre Hardlopen;12.53;1,191;01:12:11;180;191;--;160;165;05:46;04:44;27;11;1.09;--;--;--;--;--;0.0;--;--;Nee;00:03:01.4;13;01:12:09;01:15:18;102;125
Hardlopen;27-8-2020 16:47;FALSE;Heeze-Leende Hardlopen;11.26;1,109;01:08:21;179;192;--;159;168;06:04;05:12;14;4;1.03;--;--;--;--;--;0.0;--;--;Nee;00:01:26.7;12;01:08:19;01:08:21;-82;2
Hardlopen;7-8-2020 17:15;FALSE;Bad Lauterberg im Harz Hardlopen;5.05;446;00:31:06;165;182;--;159;163;06:09;05:01;89;44;1.02;--;--;--;--;--;0.0;--;--;Nee;00:00:16.6;6;00:31:05;00:31:06;321;391
Hardlopen;5-8-2020 17:19;FALSE;Bad Lauterberg im Harz Hardlopen;5.53;466;00:34:13;157;174;--;158;167;06:11;04:55;80;67;1.02;--;--;--;--;--;0.0;--;--;Nee;00:03:25.4;6;00:34:12;00:35:15;317;380
Hardlopen;4-8-2020 17:04;FALSE;Bad Lauterberg im Harz Hardlopen;5.66;479;00:34:46;159;176;--;159;173;06:09;04:52;86;82;1.02;--;--;--;--;--;0.0;--;--;Nee;00:04:04.2;6;00:34:45;00:34:46;308;372
